﻿<?xml version="1.0" encoding="utf-8"?>
<manifest identifier="_6lYNR2fCDzK_course_id" version="1.0" xmlns="http://www.imsproject.org/xsd/imscp_rootv1p1p2" xmlns:adlcp="http://www.adlnet.org/xsd/adlcp_rootv1p2" xmlns:xsi="http://www.w3.org/2001/XMLSchema-instance" xsi:schemaLocation="http://www.imsproject.org/xsd/imscp_rootv1p1p2 imscp_rootv1p1p2.xsd http://www.imsglobal.org/xsd/imsmd_rootv1p2p1 imsmd_rootv1p2p1.xsd http://www.adlnet.org/xsd/adlcp_rootv1p2 adlcp_rootv1p2.xsd">
  <metadata>
    <schema>ADL SCORM</schema>
    <schemaversion>1.2</schemaversion>
    <lom xmlns="http://www.imsglobal.org/xsd/imsmd_rootv1p2p1" xmlns:xsi="http://www.w3.org/2001/XMLSchema-instance" xsi:schemaLocation="http://www.imsglobal.org/xsd/imsmd_rootv1p2p1 imsmd_rootv1p2p1.xsd">
      <general>
        <title>
          <langstring xml:lang="x-none">Effective Tools for Engaging Remote Employees</langstring>
        </title>
      </general>
      <lifecycle>
        <version>
          <langstring xml:lang="x-none">1</langstring>
        </version>
        <status>
          <source>
            <langstring xml:lang="x-none">LOMv1.0</langstring>
          </source>
          <value>
            <langstring xml:lang="x-none">Final</langstring>
          </value>
        </status>
      </lifecycle>
      <metametadata>
        <metadatascheme>ADL SCORM 1.2</metadatascheme>
      </metametadata>
      <educational>
        <typicallearningtime>
          <datetime>PT0H0M0S</datetime>
        </typicallearningtime>
      </educational>
      <rights>
        <cost>
          <source>
            <langstring xml:lang="x-none">LOMv1.0</langstring>
          </source>
          <value>
            <langstring xml:lang="x-none">yes</langstring>
          </value>
        </cost>
        <copyrightandotherrestrictions>
          <source>
            <langstring xml:lang="x-none">LOMv1.0</langstring>
          </source>
          <value>
            <langstring xml:lang="x-none">yes</langstring>
          </value>
        </copyrightandotherrestrictions>
      </rights>
    </lom>
  </metadata>
  <organizations default="Effective_Tools_for_Engaging_Remote_Employees_ORG">
    <organization identifier="Effective_Tools_for_Engaging_Remote_Employees_ORG">
      <title>Effective Tools for Engaging Remote Employees</title>
      <item identifier="Effective_Tools_for_Engaging_Remote_Employees_SCO" isvisible="true" identifierref="__6lYNR2fCDzK_course_id_RES">
        <title>Effective Tools for Engaging Remote Employees</title>
      </item>
    </organization>
  </organizations>
  <resources>
    <resource identifier="__6lYNR2fCDzK_course_id_RES" type="webcontent" href="index_lms.html" adlcp:scormtype="sco">
      <file href="story_content/thumbnail.jpg" />
      <file href="story_content/Slide5t8nPPbqoEc.swf" />
      <file href="story_content/5aE3ig9ubmp_80_DX438_DY438.swf" />
      <file href="mobile/5aE3ig9ubmp_80_DX438_DY438_CX94_CY327.png" />
      <file href="story_content/6XSNiIMnHYY_80_DX422_DY422.swf" />
      <file href="mobile/6XSNiIMnHYY_80_DX422_DY422_CX91_CY313.png" />
      <file href="story_content/6AWfIOteiS0_80_DX674_DY674.swf" />
      <file href="mobile/6AWfIOteiS0_80_DX674_DY674_CX238_CY504.png" />
      <file href="story_content/5k8WiMYB4EN_80_DX656_DY656.swf" />
      <file href="mobile/5k8WiMYB4EN_80_DX656_DY656_CX295_CY492.png" />
      <file href="story_content/6BoVFYZJP6x_80_DX656_DY656.swf" />
      <file href="mobile/6BoVFYZJP6x_80_DX656_DY656_CX405_CY492.png" />
      <file href="story_content/5jJlnyhf5Ep_80_DX674_DY674.swf" />
      <file href="mobile/5jJlnyhf5Ep_80_DX674_DY674_CX317_CY505.png" />
      <file href="story_content/5XNvDSt4qqG_80_DX1080_DY1080.swf" />
      <file href="mobile/5XNvDSt4qqG_80_DX1080_DY1080_CX483_CY810.png" />
      <file href="story_content/6SCsf8jYtMv_80_DX626_DY626.swf" />
      <file href="mobile/6SCsf8jYtMv_80_DX626_DY626_CX160_CY465.png" />
      <file href="story_content/6eyvvKeNME8_80_DX608_DY608.swf" />
      <file href="mobile/6eyvvKeNME8_80_DX608_DY608_CX157_CY453.png" />
      <file href="story_content/6iRh4O8t25t_80_DX486_DY486.swf" />
      <file href="mobile/6iRh4O8t25t_80_DX486_DY486_CX228_CY363.png" />
      <file href="story_content/66c9qVWyzWJ_80_DX468_DY468.swf" />
      <file href="mobile/66c9qVWyzWJ_80_DX468_DY468_CX280_CY351.png" />
      <file href="story_content/5zSWHNZHAwi_80_DX526_DY526.swf" />
      <file href="mobile/5zSWHNZHAwi_80_DX526_DY526_CX393_CY351.png" />
      <file href="story_content/5ZLQ0qYabJv_80_DX486_DY486.swf" />
      <file href="mobile/5ZLQ0qYabJv_80_DX486_DY486_CX313_CY363.png" />
      <file href="story_content/5gCRoEAlH4C_80_DX56_DY56.swf" />
      <file href="mobile/5gCRoEAlH4C_80_DX56_DY56_CX40_CY10.png" />
      <file href="story_content/6VegWNviZwO_80_DX12_DY12.swf" />
      <file href="mobile/6VegWNviZwO_80_DX12_DY12_CX7_CY9.png" />
      <file href="story_content/Slide5kmWHv4SQBJ.swf" />
      <file href="story_content/6PBg9l2J24T_80_DX470_DY470.swf" />
      <file href="mobile/6PBg9l2J24T_80_DX470_DY470_CX352_CY352.png" />
      <file href="story_content/6r9MDiDPPVe_22050_48_0.mp3" />
      <file href="story_content/6jnf90svTaJ_80_DX834_DY834.swf" />
      <file href="mobile/6jnf90svTaJ_80_DX834_DY834_CX127_CY625.png" />
      <file href="story_content/6auKQ8NVngH_80_DX728_DY728.swf" />
      <file href="mobile/6auKQ8NVngH_80_DX728_DY728_CX89_CY546.png" />
      <file href="story_content/6JWgbE5Zous_80_DX188_DY188.swf" />
      <file href="mobile/6JWgbE5Zous_80_DX188_DY188_CX106_CY141.png" />
      <file href="story_content/5pekjl79qEX_80_DX246_DY246.swf" />
      <file href="mobile/5pekjl79qEX_80_DX246_DY246_CX175_CY184.png" />
      <file href="story_content/6L79XJiQIFt_80_DX336_DY336.swf" />
      <file href="mobile/6L79XJiQIFt_80_DX336_DY336_CX252_CY189.png" />
      <file href="story_content/6VoytUfUcKa_80_DX236_DY236.swf" />
      <file href="mobile/6VoytUfUcKa_80_DX236_DY236_CX162_CY177.png" />
      <file href="story_content/5oKIhyvIDXH_22050_48_0.mp3" />
      <file href="story_content/Slide5WA9k2sKXFf.swf" />
      <file href="story_content/6LenuhZxQrX_80_DX840_DY840.swf" />
      <file href="mobile/6LenuhZxQrX_80_DX840_DY840_CX99_CY625.png" />
      <file href="story_content/5soKaQyPgPt_80_DX832_DY832.swf" />
      <file href="mobile/5soKaQyPgPt_80_DX832_DY832_CX99_CY624.png" />
      <file href="story_content/5kSir4BZ6tv_80_DX256_DY256.swf" />
      <file href="mobile/5kSir4BZ6tv_80_DX256_DY256_CX109_CY192.png" />
      <file href="story_content/5x7ERNiZKMe_80_DX246_DY246.swf" />
      <file href="mobile/5x7ERNiZKMe_80_DX246_DY246_CX131_CY184.png" />
      <file href="story_content/6eMRMmbVzhO_80_DX252_DY252.swf" />
      <file href="mobile/6eMRMmbVzhO_80_DX252_DY252_CX189_CY186.png" />
      <file href="story_content/5ahPvGJxnuN_80_DX256_DY256.swf" />
      <file href="mobile/5ahPvGJxnuN_80_DX256_DY256_CX150_CY191.png" />
      <file href="story_content/5sgzNFRfxZI_80_DX1308_DY1308.swf" />
      <file href="mobile/5sgzNFRfxZI_80_DX1308_DY1308_CX978_CY733.png" />
      <file href="story_content/6cu8I4MqgSk_80_DX1162_DY1162.swf" />
      <file href="mobile/6cu8I4MqgSk_80_DX1162_DY1162_CX871_CY579.png" />
      <file href="story_content/5c7TSqE6I2l_22050_48_0.mp3" />
      <file href="story_content/Slide5Zeomu2gX2s.swf" />
      <file href="story_content/6SD5dwCSJy3_6M0E0AAPPsg.swf" />
      <file href="story_content/6SD5dwCSJy3_6M0E0AAPPsg.png" />
      <file href="story_content/Slide6CBizPzRkTU.swf" />
      <file href="story_content/5rtWS4aDtHS_22050_48_0.mp3" />
      <file href="story_content/69emVVzZLp5_80_DX318_DY318.swf" />
      <file href="mobile/69emVVzZLp5_80_DX318_DY318_CX237_CY238.png" />
      <file href="story_content/5fwQkiDliuN_80_DX1150_DY1150.swf" />
      <file href="mobile/5fwQkiDliuN_80_DX1150_DY1150_CX862_CY364.png" />
      <file href="story_content/5eL21FodlB3_22050_48_0.mp3" />
      <file href="story_content/6PqDIEuFbQB_5vsLhSxnZf7.swf" />
      <file href="story_content/6PqDIEuFbQB_5vsLhSxnZf7.png" />
      <file href="story_content/Slide6JJ1KR81xQe.swf" />
      <file href="story_content/6qwfJ4Fhf02_22050_48_0.mp3" />
      <file href="story_content/5sJTDT0NITY_80_DX318_DY318.swf" />
      <file href="mobile/5sJTDT0NITY_80_DX318_DY318_CX237_CY238.png" />
      <file href="story_content/6rhRgFEPPyC_80_DX1150_DY1150.swf" />
      <file href="mobile/6rhRgFEPPyC_80_DX1150_DY1150_CX862_CY365.png" />
      <file href="story_content/5hCpaBwYm8R_22050_48_0.mp3" />
      <file href="story_content/5mTZuOULqeh_6W1j6FckStA.swf" />
      <file href="story_content/5mTZuOULqeh_6W1j6FckStA.png" />
      <file href="story_content/Slide6QMLrhEVKYE.swf" />
      <file href="story_content/60l6nRPEitx_22050_48_0.mp3" />
      <file href="story_content/6YJjShpFwdr_80_DX318_DY318.swf" />
      <file href="mobile/6YJjShpFwdr_80_DX318_DY318_CX237_CY238.png" />
      <file href="story_content/6gDGV0LC8Um_80_DX1150_DY1150.swf" />
      <file href="mobile/6gDGV0LC8Um_80_DX1150_DY1150_CX862_CY365.png" />
      <file href="story_content/6mizNQcjZOw_22050_48_0.mp3" />
      <file href="story_content/6jkPTZIeO7i_6E8aXqMsGjE.swf" />
      <file href="story_content/6jkPTZIeO7i_6E8aXqMsGjE.png" />
      <file href="story_content/Slide5cl2HE0kyRb.swf" />
      <file href="story_content/5kR65ZjhXtr_22050_48_0.mp3" />
      <file href="story_content/5vAgbFagozr_80_DX318_DY318.swf" />
      <file href="mobile/5vAgbFagozr_80_DX318_DY318_CX237_CY238.png" />
      <file href="story_content/6b2eUmv393b_80_DX1150_DY1150.swf" />
      <file href="mobile/6b2eUmv393b_80_DX1150_DY1150_CX862_CY365.png" />
      <file href="story_content/5ad737TvVOF_22050_48_0.mp3" />
      <file href="story_content/5j8lN8oqFTf_22050_48_0.mp3" />
      <file href="story_content/Slide64BgDImKLEQ.swf" />
      <file href="story_content/6lN05sc4Ylp_80_P_0_0_1238_821_DX1178_DY1178.swf" />
      <file href="mobile/6lN05sc4Ylp_80_P_0_0_1238_821_DX1178_DY1178_CX663_CY440.png" />
      <file href="story_content/6hEnR3bVevT_80_DX438_DY438.swf" />
      <file href="mobile/6hEnR3bVevT_80_DX438_DY438_CX94_CY327.png" />
      <file href="story_content/5mRTQGjGWwA_80_DX422_DY422.swf" />
      <file href="mobile/5mRTQGjGWwA_80_DX422_DY422_CX91_CY313.png" />
      <file href="story_content/6ezyZ8btxLQ_80_DX674_DY674.swf" />
      <file href="mobile/6ezyZ8btxLQ_80_DX674_DY674_CX238_CY504.png" />
      <file href="story_content/6aeoNUDsFP7_80_DX656_DY656.swf" />
      <file href="mobile/6aeoNUDsFP7_80_DX656_DY656_CX295_CY492.png" />
      <file href="story_content/6TNC6C9t99S_80_DX656_DY656.swf" />
      <file href="mobile/6TNC6C9t99S_80_DX656_DY656_CX405_CY492.png" />
      <file href="story_content/5hoRtUVVn0G_80_DX674_DY674.swf" />
      <file href="mobile/5hoRtUVVn0G_80_DX674_DY674_CX317_CY505.png" />
      <file href="story_content/Slide5wcX5H34Pud.swf" />
      <file href="story_content/5p07kl1pGW7_80_DX320_DY320.swf" />
      <file href="mobile/5p07kl1pGW7_80_DX320_DY320_CX240_CY240.png" />
      <file href="story_content/6c8SEO8S2vY_22050_48_0.mp3" />
      <file href="story_content/Slide6eOVtGPz8rx.swf" />
      <file href="story_content/6MbkFVgcKVh_80_DX438_DY438.swf" />
      <file href="mobile/6MbkFVgcKVh_80_DX438_DY438_CX94_CY327.png" />
      <file href="story_content/6IjJViIKYsm_80_DX422_DY422.swf" />
      <file href="mobile/6IjJViIKYsm_80_DX422_DY422_CX91_CY313.png" />
      <file href="story_content/6F5nW2MDUbf_80_DX674_DY674.swf" />
      <file href="mobile/6F5nW2MDUbf_80_DX674_DY674_CX238_CY504.png" />
      <file href="story_content/5xl8Be1lAOa_80_DX656_DY656.swf" />
      <file href="mobile/5xl8Be1lAOa_80_DX656_DY656_CX295_CY492.png" />
      <file href="story_content/5v8jsMEZxRm_80_DX656_DY656.swf" />
      <file href="mobile/5v8jsMEZxRm_80_DX656_DY656_CX405_CY492.png" />
      <file href="story_content/69QRbxR6SNA_80_DX674_DY674.swf" />
      <file href="mobile/69QRbxR6SNA_80_DX674_DY674_CX317_CY505.png" />
      <file href="story_content/5jf3Ht45mdm_80_DX884_DY884.swf" />
      <file href="mobile/5jf3Ht45mdm_80_DX884_DY884_CX663_CY440.png" />
      <file href="story_content/Slide5o3b9YMcdRW.swf" />
      <file href="story_content/6QdxhmHAP15_80_DX320_DY320.swf" />
      <file href="mobile/6QdxhmHAP15_80_DX320_DY320_CX240_CY240.png" />
      <file href="story_content/6MvmJXj96u1_22050_48_0.mp3" />
      <file href="story_content/Slide6MxsmjZZFkl.swf" />
      <file href="story_content/5fC1EWkRuDC_80_DX438_DY438.swf" />
      <file href="mobile/5fC1EWkRuDC_80_DX438_DY438_CX94_CY327.png" />
      <file href="story_content/64MR8CxkOyC_80_DX422_DY422.swf" />
      <file href="mobile/64MR8CxkOyC_80_DX422_DY422_CX91_CY313.png" />
      <file href="story_content/6Gwy3xh7o0A_80_DX674_DY674.swf" />
      <file href="mobile/6Gwy3xh7o0A_80_DX674_DY674_CX238_CY504.png" />
      <file href="story_content/6cEiZOq9Et7_80_DX656_DY656.swf" />
      <file href="mobile/6cEiZOq9Et7_80_DX656_DY656_CX295_CY492.png" />
      <file href="story_content/5k4sRdKgivm_80_DX656_DY656.swf" />
      <file href="mobile/5k4sRdKgivm_80_DX656_DY656_CX405_CY492.png" />
      <file href="story_content/6YTOHDzXD8e_80_DX674_DY674.swf" />
      <file href="mobile/6YTOHDzXD8e_80_DX674_DY674_CX317_CY505.png" />
      <file href="story_content/6BwIM9wlXcL_80_DX884_DY884.swf" />
      <file href="mobile/6BwIM9wlXcL_80_DX884_DY884_CX663_CY440.png" />
      <file href="story_content/Slide6SppK8ZNtLQ.swf" />
      <file href="story_content/5pYuth0WTOb_80_DX320_DY320.swf" />
      <file href="mobile/5pYuth0WTOb_80_DX320_DY320_CX240_CY240.png" />
      <file href="story_content/6rY6aI7pFwG_22050_48_0.mp3" />
      <file href="story_content/Slide690NY5bdjLB.swf" />
      <file href="story_content/6pjSupxnAZD_80_P_0_0_1238_821_DX1178_DY1178.swf" />
      <file href="mobile/6pjSupxnAZD_80_P_0_0_1238_821_DX1178_DY1178_CX663_CY440.png" />
      <file href="story_content/6OGSam0spph_80_DX438_DY438.swf" />
      <file href="mobile/6OGSam0spph_80_DX438_DY438_CX94_CY327.png" />
      <file href="story_content/6nfyTTJgUcm_80_DX422_DY422.swf" />
      <file href="mobile/6nfyTTJgUcm_80_DX422_DY422_CX91_CY313.png" />
      <file href="story_content/5XS6PmqYTH2_80_DX674_DY674.swf" />
      <file href="mobile/5XS6PmqYTH2_80_DX674_DY674_CX238_CY504.png" />
      <file href="story_content/6dd2kp07Vzu_80_DX656_DY656.swf" />
      <file href="mobile/6dd2kp07Vzu_80_DX656_DY656_CX295_CY492.png" />
      <file href="story_content/6r0d8usrVb9_80_DX656_DY656.swf" />
      <file href="mobile/6r0d8usrVb9_80_DX656_DY656_CX405_CY492.png" />
      <file href="story_content/6ZbK6DprKQ3_80_DX674_DY674.swf" />
      <file href="mobile/6ZbK6DprKQ3_80_DX674_DY674_CX317_CY505.png" />
      <file href="story_content/Slide5qdKsKQmXbx.swf" />
      <file href="story_content/6Z40Ztu1TyC_80_DX320_DY320.swf" />
      <file href="mobile/6Z40Ztu1TyC_80_DX320_DY320_CX240_CY240.png" />
      <file href="story_content/6ko1LUfOVli_22050_48_0.mp3" />
      <file href="story_content/Slide6D26YZ4pApM.swf" />
      <file href="story_content/6aAWLVtyoLc_22050_48_0.mp3" />
      <file href="meta.xml" />
      <file href="story_content/FontFactory.swf" />
      <file href="story_content/fonts.swf" />
      <file href="mobile/6Fd696q7w7K.jpg" />
      <file href="story_content/logo.swf" />
      <file href="story_content/frame.xml" />
      <file href="story_content/frame.json" />
      <file href="story_content/user.js" />
      <file href="mobile/Slide5t8nPPbqoEc.jpg" />
      <file href="mobile/Slide5kmWHv4SQBJ.jpg" />
      <file href="mobile/Slide5WA9k2sKXFf.jpg" />
      <file href="mobile/Slide5Zeomu2gX2s.jpg" />
      <file href="mobile/Slide6CBizPzRkTU.jpg" />
      <file href="mobile/Slide6JJ1KR81xQe.jpg" />
      <file href="mobile/Slide6QMLrhEVKYE.jpg" />
      <file href="mobile/Slide5cl2HE0kyRb.jpg" />
      <file href="mobile/Slide64BgDImKLEQ.jpg" />
      <file href="mobile/Slide5wcX5H34Pud.jpg" />
      <file href="mobile/Slide6eOVtGPz8rx.jpg" />
      <file href="mobile/Slide5o3b9YMcdRW.jpg" />
      <file href="mobile/Slide6MxsmjZZFkl.jpg" />
      <file href="mobile/Slide6SppK8ZNtLQ.jpg" />
      <file href="mobile/Slide690NY5bdjLB.jpg" />
      <file href="mobile/Slide5qdKsKQmXbx.jpg" />
      <file href="mobile/Slide6D26YZ4pApM.jpg" />
      <file href="story.swf" />
      <file href="story_content/frame.swf" />
      <file href="story_content/slides/65ZdZhv5lYa.swf" />
      <file href="story_content/slides/6jKAhpWPvPE.swf" />
      <file href="story_content/slides/5WcPArg7nJZ.swf" />
      <file href="story_content/slides/6hWxiXMKNqY.swf" />
      <file href="story_content/slides/6oWdeG2qp4p.swf" />
      <file href="story_content/slides/6SD5dwCSJy3.swf" />
      <file href="story_content/slides/6lZsFkaPKSy.swf" />
      <file href="story_content/slides/61XysAYIWlt.swf" />
      <file href="story_content/slides/6PqDIEuFbQB.swf" />
      <file href="story_content/slides/6fEzWbw2h5I.swf" />
      <file href="story_content/slides/6fDzPpqsOmn.swf" />
      <file href="story_content/slides/5mTZuOULqeh.swf" />
      <file href="story_content/slides/5iaIYbH4PYo.swf" />
      <file href="story_content/slides/5WlmhCXq0MX.swf" />
      <file href="story_content/slides/6jkPTZIeO7i.swf" />
      <file href="story_content/slides/60m0bcpUFae.swf" />
      <file href="story_content/slides/5iRCASS0FKw.swf" />
      <file href="story_content/slides/6EMjFxgwxcF.swf" />
      <file href="story_content/slides/5mvSdtG6aOb.swf" />
      <file href="story_content/slides/69Ug2tWoCVg.swf" />
      <file href="story_content/slides/5bf8OGMxumu.swf" />
      <file href="story_content/slides/5v6BJysxmpf.swf" />
      <file href="story_content/slides/6SbNDtyl5Vu.swf" />
      <file href="story_content/slides/6jM65VtjzoP.swf" />
      <file href="story_content/slides/6esfNUt5zo7.swf" />
      <file href="story_content/slides/6D29DKNFaJa.swf" />
      <file href="story_content/slides/5nWqz3WfrfG.swf" />
      <file href="story_content/slides/6l261LwnqEv.swf" />
      <file href="story_content/slides/5khEtHttfhe.swf" />
      <file href="story_content/slides/6am1nhIhl91.swf" />
      <file href="story_content/slides/68r5LnoctEi.swf" />
      <file href="story_content/slides/67X2McQTmoW.swf" />
      <file href="story_content/data.swf" />
      <file href="html5/data/css/output.min.css" />
      <file href="html5/data/js/5bf8OGMxumu.js" />
      <file href="html5/data/js/5iaIYbH4PYo.js" />
      <file href="html5/data/js/5iRCASS0FKw.js" />
      <file href="html5/data/js/5khEtHttfhe.js" />
      <file href="html5/data/js/5mTZuOULqeh.js" />
      <file href="html5/data/js/5mvSdtG6aOb.js" />
      <file href="html5/data/js/5nWqz3WfrfG.js" />
      <file href="html5/data/js/5v6BJysxmpf.js" />
      <file href="html5/data/js/5WcPArg7nJZ.js" />
      <file href="html5/data/js/5WlmhCXq0MX.js" />
      <file href="html5/data/js/60m0bcpUFae.js" />
      <file href="html5/data/js/61XysAYIWlt.js" />
      <file href="html5/data/js/65ZdZhv5lYa.js" />
      <file href="html5/data/js/67X2McQTmoW.js" />
      <file href="html5/data/js/68r5LnoctEi.js" />
      <file href="html5/data/js/69Ug2tWoCVg.js" />
      <file href="html5/data/js/6am1nhIhl91.js" />
      <file href="html5/data/js/6D29DKNFaJa.js" />
      <file href="html5/data/js/6EMjFxgwxcF.js" />
      <file href="html5/data/js/6esfNUt5zo7.js" />
      <file href="html5/data/js/6fDzPpqsOmn.js" />
      <file href="html5/data/js/6fEzWbw2h5I.js" />
      <file href="html5/data/js/6hWxiXMKNqY.js" />
      <file href="html5/data/js/6jKAhpWPvPE.js" />
      <file href="html5/data/js/6jkPTZIeO7i.js" />
      <file href="html5/data/js/6jM65VtjzoP.js" />
      <file href="html5/data/js/6l261LwnqEv.js" />
      <file href="html5/data/js/6lZsFkaPKSy.js" />
      <file href="html5/data/js/6oWdeG2qp4p.js" />
      <file href="html5/data/js/6PqDIEuFbQB.js" />
      <file href="html5/data/js/6SbNDtyl5Vu.js" />
      <file href="html5/data/js/6SD5dwCSJy3.js" />
      <file href="html5/data/js/data.js" />
      <file href="html5/data/js/frame.js" />
      <file href="html5/data/js/paths.js" />
      <file href="html5/lib/scripts/app.min.js" />
      <file href="html5/lib/stylesheets/main.min.css" />
      <file href="html5/lib/stylesheets/mobile-fonts/open-sans-bold.woff" />
      <file href="html5/lib/stylesheets/mobile-fonts/open-sans-light.woff" />
      <file href="html5/lib/stylesheets/mobile-fonts/open-sans-regular.woff" />
      <file href="story.html" />
      <file href="story_flash.html" />
      <file href="story_html5.html" />
      <file href="story_content/blank.html" />
      <file href="story_content/story.js" />
      <file href="index_lms.html" />
      <file href="index_lms_html5.html" />
      <file href="index_lms_flash.html" />
      <file href="lms/AICCComm.html" />
      <file href="lms/AICCFunctions.js" />
      <file href="lms/API.js" />
      <file href="lms/APIConstants.js" />
      <file href="lms/blank.html" />
      <file href="lms/browsersniff.js" />
      <file href="lms/Configuration.js" />
      <file href="lms/goodbye.html" />
      <file href="lms/lms.js" />
      <file href="lms/LMSAPI.js" />
      <file href="lms/NONEFunctions.js" />
      <file href="lms/SCORM2004Functions.js" />
      <file href="lms/SCORMFunctions.js" />
      <file href="lms/UtilityFunctions.js" />
    </resource>
  </resources>
</manifest>